<?xml version="1.0" encoding="UTF-8"?>
<project-private xmlns="http://www.netbeans.org/ns/project-private/1">
    <editor-bookmarks xmlns="http://www.netbeans.org/ns/editor-bookmarks/2" lastBookmarkId="0"/>
    <open-files xmlns="http://www.netbeans.org/ns/projectui-open-files/2">
        <group>
            <file>file:/var/www/html/appionmentsystem/resources/views/home.blade.php</file>
            <file>file:/var/www/html/appionmentsystem/app/Http/Controllers/systemcontroller.php</file>
            <file>file:/var/www/html/appionmentsystem/routes/web.php</file>
            <file>file:/var/www/html/appionmentsystem/resources/views/createappoinment.blade.php</file>
        </group>
    </open-files>
</project-private>
